PIDN,Ca,P,pH,SOC,Sand
09gt9UK5,-0.278578543929,0.074926009941,-0.113051624151,-0.499330588114,0.868646477563
0BVvxJ6a,0.255984130317,0.563367598366,0.597344246166,0.24963135683,-0.558397338741
0KbdgApg,1.09083640392,-0.0493336124794,0.627204002153,0.279975308816,-0.482228372572
0MnuuduB,1.35828568978,0.857158624104,0.510302412286,2.1336678515,-1.10648752766
0PcIsF9z,-0.345519411422,0.12227853547,-0.408297746044,0.425804609285,0.815946711048
0ShTFLYJ,1.02109756824,-0.117625470726,-0.0111624781919,-0.525693307892,-0.0659553063897
0XZh9jka,1.97408024211,3.27109032427,0.123034967331,2.6748501836,-0.865222434731
0Y7Wegri,-0.0448512454921,0.0608045788298,0.197768762812,-0.112472013259,0.389772019639
0dTqplIM,0.842463525687,0.703825395126,0.554938269526,0.734823646722,-0.606761357173
0lNiZicC,-0.359566096755,-0.10192543241,-0.0726816419242,-0.383163013194,-0.238734699134
0rGeJ0QN,0.390178153044,0.811815626131,0.00127454101801,-0.131784035186,0.370114738253
0sXI9ytQ,-0.4280663807,0.0734768640968,-0.216627959364,-0.726214439379,1.67234794571
0ukt4aP6,0.563619253856,0.462297445228,0.85633624141,-0.183117524908,-0.579574635934
1AGspb8f,-0.137707017257,0.240077612031,-0.340912801335,0.708647012397,-0.479711586668
1Csy0gvE,-0.390606866633,0.372596871358,-0.128652369582,-0.608964789664,1.21779587209
1Ic2hly1,0.17664567447,0.645653890304,0.0397576453016,-0.0463553112239,0.385850479811
1PPbaTwt,-0.147560669361,0.0646053522526,0.0244640228422,-0.398430450754,0.13946582273
1SO5VJNy,-0.277183593746,0.540215476493,0.0860953348701,-0.550848912103,1.15888533087
1arHxK3Y,1.16422737057,0.798350050101,0.724736498613,0.623303452369,-0.485807868312
1fCW4Bba,0.1397402713,0.704171540134,0.24565740648,0.00407123727997,0.488120718129
1qDZNvIm,-0.370240052336,0.329111045812,-0.0905556732672,-0.655020452214,1.22700488634
28LYJC2V,0.530025107172,0.237515581636,-0.407376135499,1.03282928987,0.0214084436097
2CzACvQq,0.553869125073,0.690312379086,1.37675164126,0.56506297196,-0.598770478117
2FT3crfv,1.06400578045,1.45439264137,0.401954577445,0.732337180657,-0.538683319858
2Fy2uHVg,-0.3635036439,-0.0895209109392,-0.219388280738,-0.229308127151,-0.215726798108
2MkMEApm,-0.200139818306,1.15066871276,0.0640598476863,-0.523069058151,0.945365554087
2NDGWEOe,0.796434085703,0.603585828789,1.32378091519,0.305266524671,-0.662229563789
2NyyCiqn,-0.252262703391,0.44892674926,-0.0149982381415,-0.535232375086,1.1648802342
2QRzIb84,0.641822127283,0.717980553235,1.34730118065,-0.0518678170231,-0.0398411347763
2QcbdrUZ,-0.0029950961033,-0.0484090186633,0.0328850266095,0.0293489082401,0.344354778467
2YgAimWK,-0.315953294316,0.867541205663,0.129934055791,-0.372660718871,0.804711896209
2cx85d9H,0.420117699241,-0.109508575384,0.43960028157,0.209356838945,-0.480259203493
2homMXMV,-0.264418034015,0.385706201915,-0.0880326620288,-0.132150269044,0.91091184171
2ldLrUtq,-0.24993118357,0.000270270145515,-0.044071876425,-0.0476365764917,-0.37697857536
2nsACW6G,0.298616701195,-0.00423535740527,-0.452631172442,2.38718701928,-0.947039140042
2yMbVnWc,0.784639141513,0.765528985652,0.208322380445,2.14543076549,0.166548903664
36r8sgGQ,-0.388366068335,0.264920732321,-0.0243312303221,-0.622728843226,1.125502013
3NXAXCl3,-0.203239080717,-0.0830147240171,-0.860998527297,1.30159213105,-0.984958955675
3QG0z6fl,-0.288700319352,-0.120213285977,-0.152086448382,-0.357427202315,0.114197229444
3WS8R9qm,1.6944302424,0.562188819061,0.246072693487,2.8427384088,-0.919832573506
3fRLm8f5,-0.254714722025,0.199492331179,-0.19488901056,0.0952088220636,0.943531467947
3mZhp1nQ,0.0951214831589,0.100746428016,0.0235719311363,-0.441976815818,0.307566567233
3pikJXRL,-0.373976919758,-0.172857758638,-1.0274786391,0.827049626019,-1.04231183704
3pxOEGHL,-0.326925458929,0.396864902503,-0.159826128678,-0.574689361841,1.18329011539
3ttdV3f5,2.15632725352,-0.111708056227,0.728802991182,0.148692635981,-0.52482268951
3v4X6Mfe,0.874545698576,0.211174772479,1.58448110567,-0.226580832278,-0.497624009376
3wORuPiv,0.479060189892,0.391255012912,-0.285103059516,0.515520614775,-1.08054523802
43EfrxZj,0.316282645051,0.376454440306,0.0264869946366,0.993204939705,-0.803393501551
457Vwm21,0.0947508440545,0.106009696654,0.375818841234,0.237956691648,-0.094625062497
46KNnOdx,-0.391831069617,0.0719031607887,-0.526081322866,0.0317756284599,0.353359469606
47TwNsVC,0.284640174353,0.280208646793,-0.468404627557,2.33452377423,-1.08325495579
49856RpO,-0.192802492253,-0.133599305857,-0.417589088911,0.0529792989176,-0.128081088559
4Ane1o2N,-0.358334107061,0.285840890038,0.0181140423525,-0.523588894429,0.677174708532
4AyVUgSc,0.916066843522,-0.14683053483,0.138956174394,-0.382455204564,-0.106805945239
4B1951On,-0.0132100510927,-0.154016161441,0.0895129957912,0.0217692193488,-0.127991484605
4OL39Teo,0.557095852742,0.461798809667,0.118172461022,0.669494152828,-0.449217277397
4eQ90eLY,0.503340992002,0.450344915384,-0.0454357607784,1.29534597431,-0.923041080153
4o5jwMj8,-0.276453788432,0.2425641693,-0.00449386062809,-0.412507823555,0.659529846257
4vPgpl2c,-0.190565648991,0.254877218928,-0.0378059205148,-0.391548834504,0.514354230187
51r9aA0d,1.6564570277,-0.00196822793608,0.313261946611,-0.357251833148,-0.0826609461549
58SmeRoP,1.68101192588,0.459487628087,0.431067025833,0.574710030963,-0.0295069759306
5HJp1AXn,0.663239282096,0.489528116928,-0.223581433827,0.814730220196,0.0499280510452
5MBZW7fx,0.222531387917,0.653409767048,0.963888107611,0.0759437489857,-0.576087611195
5Nq3gHaP,0.963137065482,0.754155173279,0.142830733038,0.735488419568,-0.775033473746
5RmwFFK3,1.16509802887,0.838637219339,0.321175159231,0.716392272114,-0.898476638253
5Tu5Jbov,-0.219629304554,0.0249220542267,-0.190394762064,-0.0695125372746,-0.108076455246
5YEolkev,-0.174816296446,0.0543716717078,-0.0366721467714,-0.122654136932,-0.343233785743
5a8sf6QV,0.304107498371,-0.0829195264031,0.327609956475,0.178812082724,-0.521001973728
5eSvmqYm,0.250888347805,-0.134396359765,0.362195223216,-0.20155784541,-0.484604626573
5hkN8fiv,0.102056352861,-0.0452048838976,-0.621846606037,1.40362738961,-0.209454036728
5oK8Gti5,-0.273221139838,0.230071421396,-0.0843769731998,-0.523557144124,0.900210591715
5paniGaU,-0.463467548657,0.158464330204,-0.439361449172,-0.733600163898,1.48152205185
5vsr7ZUP,0.345477166654,0.332623701659,0.749453317173,-0.0840434056685,-0.147863377613
60B4xMWI,-0.0238469124611,0.432732323786,0.816169468659,-0.216793711102,0.207543052995
64jOUtKy,0.369072042729,1.03908242844,0.354457435378,1.02384645,-0.834490239554
6AJo4xNG,0.93053077276,0.61601916394,0.359003569598,-0.0485724106743,0.086078959128
6CAvhEte,-0.237598953334,-0.0194065515373,-0.0914426846933,-0.389570772923,0.209387092944
6CuGYjT5,2.44954891019,3.47894933811,1.39998557166,1.49645783656,-0.933201844528
6DGH8ujZ,-0.290392218672,0.0153051210095,-0.687533795699,0.775874090094,0.0287472093588
6PzsGdVm,-0.310009135557,0.0600780570239,-0.326343236222,0.56719351752,0.0616932825652
6UcSJMbq,0.913359890737,0.603855679877,0.617373743932,-0.170952554039,-0.0299016284553
6WJbkH8U,1.10033435786,0.356229066903,1.37241529408,0.170423612637,-0.997192462077
6eUWsVzw,0.221203386191,0.060086218592,0.585236235185,0.208524853562,-0.697280625387
6gNyO7Do,0.952870442208,0.000980851191696,0.705771455334,0.573601906985,-0.431035213401
6jT0AyHe,0.429849229293,0.462703528614,0.324317729926,0.585302233947,-0.784576909428
6nBgCvWu,-0.0209658676027,-0.167804200124,0.0650842221352,-0.282038585661,0.935468968668
6ro5mqg6,-0.0308415844851,0.361463519447,-0.0882994863863,-0.533947319304,1.17709089198
6sGqObX4,0.00848428596851,-0.0320149755364,-0.281839304628,0.0880366976812,-0.457029379901
6uEGy0n4,1.65142532463,1.10420474942,1.62745626557,0.356296614948,-0.914886425725
7BZ4LxP8,0.118889431886,-0.102204952071,-0.0548511477082,0.540590329736,-1.05153235434
7CmigXKi,-0.237201078874,-0.132099269731,-0.175245204137,-0.24142041271,0.25886489024
7Ga0LpfR,1.15229598548,3.05832819784,0.0735257999107,1.76819140657,-0.8010733764
7PQsFvsG,-0.127925428622,0.0853221850985,-0.594218240141,1.64485110198,0.0279288699927
7aF7nnwn,1.57780752032,-0.0346269299376,0.279951842846,-0.565578022957,0.341850749234
7asGzfX9,0.636708453127,0.568033123297,-0.0470770330266,0.0672403575241,-0.0591684540299
7cg7C92o,0.260712077484,0.699921610192,0.076437248884,0.569676040172,-0.330192203121
7eOxTpsB,-0.370404042311,0.0426080030782,-0.095501217907,-0.553421586683,1.11719323518
7ey0v7ma,-0.215199450925,0.0184405350845,-0.62593875457,1.23708265303,-1.11488466624
7gocyrYl,0.462044445956,0.335135191171,-0.233081933865,0.972455015105,-0.162927041778
7gqR3GoA,0.46152695121,0.321228140216,-0.0948474991505,-0.373869181001,0.148115228815
7og7aUXB,0.56106660064,0.615460555533,0.373620123037,0.228830397686,-0.135874876671
7onRfa8F,0.632282940134,0.537725575659,0.169494005034,-0.4386928064,1.07044962425
7umkNuxM,0.482283895243,0.298944837657,-0.14149638497,0.492952264551,-0.127781525287
7vPr9ExD,0.159700301925,-0.140213015043,0.35103504338,0.117127059702,-0.55301683855
7zNjpCzu,-0.174278871522,-0.130450197156,-0.123370393022,-0.0451263802801,-0.509645036227
7ztsQNj3,-0.277808335184,-0.145804051297,-0.123273738656,-0.20839388812,-0.415773858104
86gppwMI,0.494651608674,0.230687905264,-0.242843119378,-0.209886826191,0.583990431177
88thAGdL,1.05620620942,-0.144631023041,0.38497207218,-0.105422139511,-0.677244502067
8GhU8STP,1.08693111374,0.731153303098,0.980974390385,1.04169972157,-0.95161821556
8NlzDcWe,1.47057188579,-0.113305712802,0.187416122714,-0.493622150524,-0.0473207125888
8QAejdLW,1.62279407469,-0.0117516447039,0.628609168385,0.362698401693,-0.498858280414
8RDeFxWM,-0.406957799325,-0.00386941686163,-0.223085025566,-0.635158955211,1.28127671955
8UXP2NBS,-0.162524163694,0.228862317905,-0.0498702960851,-0.167114235466,0.209507425205
8ZoV3KGT,0.0492524891816,-0.0170531872033,0.403688456173,-0.100039070561,-0.389638114756
8ajs2uG8,-0.250480267958,-0.176813240239,-0.360748478995,0.213231741781,-0.404907852513
8bXnz62p,0.173293416826,0.625512250099,0.143965539679,0.275755590404,0.0356525058212
8nO1O1LG,1.55518147858,1.06899407337,1.345913098,2.31194232348,-0.922493493938
8xE1p8g8,0.0445473005087,0.0641308573536,-0.174034754661,0.00385178291542,-0.497871706207
8yMDVMRM,-0.301241465514,-0.175496738017,-0.483082028622,-0.128791799372,-0.00927612561463
98R5VaPi,0.613134506097,0.477619420156,1.09363071651,-0.437570931921,0.198034026771
9DcTz2Ua,2.74588873025,1.47811722877,1.7632198631,1.29110385833,-1.01007216135
9G7nfUrK,0.747845529027,0.848344047215,-0.0505041549027,-0.473424712229,0.482330075239
9O6GZ1HT,0.699339774375,0.434063065402,1.04641962443,-0.14761859811,-0.697024429434
9S7fCoAM,0.0504716808326,-0.144774558998,0.0576710770747,0.0551150179019,0.346654944973
9iQwmFJR,-0.0662462915809,0.232090721674,-0.0326561205557,0.0564811654682,-0.277467869544
A3Mt6SAQ,1.06684931179,0.493841023562,1.46113950776,-0.466562108255,0.161537405763
AJIsQIcV,-0.231203459059,-0.012108726895,-0.0683048148786,-0.377909576513,0.0306706866037
AMHKXMh8,1.31059950588,0.839259493692,1.38420896061,0.751206669514,-0.803120770949
ASwA2J4E,-0.271518102388,0.545682201957,0.070893163694,-0.521633981856,1.14852538623
AaFvEoHq,-0.150044430618,0.436522054882,0.133498366278,-0.512358717115,0.596573637788
AiIPD6hX,0.348315915021,0.423392856503,-0.161920292904,0.933902147612,-0.782697151577
AsIURvJS,1.10133980072,0.483020748995,0.131439758542,2.01967913513,-0.832389978957
AsvgbJ0C,-0.123716379117,0.136876176086,-0.287782219894,0.874134914107,0.444822444951
AxEhbkCM,-0.380671454301,-0.176242622721,-0.60816651808,-0.439279151288,-0.452704268944
B7VPkIpx,-0.0496043243465,0.57171264726,0.467844190853,-0.158347096108,-0.00153903150985
BBwHqHiH,2.14370939763,0.0353121742819,0.547541829176,0.328153295405,-0.524702618499
BMyps8hr,0.0740132895882,-0.078362452107,-0.188937372447,0.593519737002,-1.02870661372
BUHS4dQw,0.815643686692,0.696715536111,-0.152326862555,3.35763934467,-0.783971360152
BZB3EYWQ,-0.273038658809,0.448592690059,0.0339355786053,-0.497215930177,1.11373657209
C5UPCZcL,3.92189646379,3.08007053512,1.37511878033,1.68593937159,-0.947397998763
C5gIfQbJ,-0.249535109294,-0.0032718162645,-0.954736153834,2.05181434541,-1.00095790179
CDRuu4Pn,-0.399223671815,-0.0632269848712,-0.157602739655,-0.659847755927,1.3400037213
CQhTYkqE,0.375402921507,0.9157140198,0.767951261536,0.241453832878,-0.573182289881
CSEobMXv,-0.126884869405,-0.102908427749,-0.654057362616,1.147649541,-0.520461722568
CYMQE4x0,0.542503321649,0.568826342628,1.03224740569,-0.0160805728498,0.015132477896
ChQdtl4J,-0.212461974454,0.075069647944,0.151376102668,-0.0705712240165,0.13430078922
ChnD1nrN,-0.313107904413,-0.151482337482,-0.0252400488246,-0.454150344878,-0.325294856349
CvtbbIcq,0.619772506062,0.646529389048,1.23950055613,0.647222349788,-0.618903809163
Cxk06b77,0.0981996923567,0.700321517644,0.404077009527,0.358723296092,-0.314117561523
D3QD3ZEJ,-0.268184436527,0.208136206591,-0.212513009307,-0.153392001961,0.290529003989
D8J5C6lA,1.17244066297,0.718390068136,0.920079725606,0.475274600331,-0.745853634599
DCeQwYfT,-0.0582706043842,0.171482444047,-0.0256332210823,-0.242586209098,-0.175869167765
DDEftkx3,-0.429317717961,0.0808077619657,-0.426119828067,-0.721207854541,1.58783276239
DEwCfeDW,0.0166236285869,0.526530295417,0.0576295159952,0.240889299661,-0.0180369954641
DMkIV4oL,-0.417131356377,-0.0402481880073,-0.225856936704,-0.592332870437,1.14129159823
DnzGfbxS,0.120084853646,0.257085760662,0.0726327601903,0.724702786136,-1.06528417336
DoZxo6f6,-0.179132961663,0.440071996124,-0.0367050899392,-0.420084732848,0.418950637332
DvhBPGIk,-0.230491312126,0.168730372634,-0.179485553356,-0.113222357353,-0.0586995181686
Dx7GoUcT,-0.0398189881244,-0.185625926268,0.863199821247,-0.372588923906,1.07299557726
E5hIjohO,2.57777115139,0.931665203354,0.895100808601,0.615984554775,-0.706820378415
E6x4XGHt,-0.225624753159,0.102269923523,-0.14921573022,-0.445728505111,0.743612668976
EDEpAzh1,0.29700206961,0.344999828664,-0.316663447828,0.314441418643,-0.275978756456
ETGudkQt,-0.242915504554,0.959673411617,0.0881578236655,-0.321787530318,0.30488659903
EUleKrLJ,1.78133701241,1.75764271931,1.66028808911,1.37369731312,-0.839845885321
Ehw2Jz6s,0.0529439468768,0.0584615678511,-0.177775328253,-0.245874856656,0.0258167393156
EjqzC4zH,0.168722653923,0.348595049871,0.563672012347,-0.288852142842,0.0215537309973
EkMZO3Qj,-0.227563802945,1.15856302744,0.0836939326007,-0.369909650307,0.395824835475
EnoNXWvU,0.975039275208,0.592004326197,0.890903118913,-0.240696590343,-0.234081040121
Epv8ANwr,0.0674647547599,0.228822725973,-0.168213668614,0.349655738512,0.204105848306
Etro9j0B,0.810436187313,0.931123432752,0.330619827035,0.394073557252,-0.626525438675
F3MIZj76,-0.267860409087,0.206450571911,-0.322552136545,-0.214843489212,0.118138588634
FB8tU00K,0.543914847552,0.261711751869,-0.483825710641,0.90705806218,0.139559364378
FLhxBGMK,5.00269409398,-0.0348855035096,0.997018866917,0.432510340896,-0.356082007885
FRreR8ka,-0.205814715702,0.0826913404831,0.0210297041458,-0.08135224773,0.121749315998
FXne4oAV,0.833463671107,0.77387231292,0.73685874173,0.0634332716217,-0.639127015752
FaW764jk,0.120635647121,0.656970907611,0.141996651879,0.214682217471,-0.202635868009
FeAbMXly,-0.425070248213,0.160672097291,-0.243301765683,-0.572287462052,1.18182579347
FeudaFXn,1.94888069147,2.371165958,1.41637209406,0.687331843319,-0.775173240912
FldUmFeM,1.17590733348,0.313286654599,1.09163504891,-0.227100042586,-0.367363137848
Fnv5tfAm,-0.0931544553297,0.0600240567273,-0.0898259496952,-0.00287877006114,-0.0213903919238
FvrAd3Or,0.739426681134,0.411548728379,0.358406944897,-0.320618796433,0.151910704585
G48zHffi,0.571623895217,0.369855127201,0.890859579709,-0.389377679744,0.234544740112
G76zCv5N,-0.376504548011,0.0720925386107,-0.119545953982,-0.511327867521,0.305922787404
G7JGUdNf,0.29406707917,-0.14285696263,0.379063448841,0.239127765546,-0.734716900216
GCo6MONx,1.15595303993,3.3518141197,1.17792439897,1.2744835683,-0.98450905708
GE0vbpVQ,0.404204441086,0.181776953564,0.140128754762,-0.322049927449,0.179944712742
GN0DfOqt,0.617901257158,0.609725509499,-0.0234930097985,-0.481976388454,0.453107313593
GNsTAb1v,0.338863032432,0.427815988807,-0.22861544302,0.91453043201,-0.88515847764
GPwmO21z,-0.226344441215,0.0948144435641,-0.156733438369,0.17630435554,-0.136287082556
GQYpfLoh,1.210685234,0.708639437773,0.155937874043,1.10849231877,-0.896635179893
GR9knT8n,-0.187256105399,0.0276105034197,-0.699847474712,1.52948656582,0.0717490995846
GXtFFbZy,1.89209258028,0.623986197739,0.676090219922,-0.00306780892367,0.150744092286
GYvzvvFD,-0.0608489095052,0.0621075527614,-0.47338565638,-0.0878254215441,0.215708519353
GemPjTJ9,0.802478782289,0.650693210558,0.138729876125,0.248414772733,0.0527955082789
GkLYRm1K,1.5519555703,0.79346917678,1.54236233506,0.208096322772,-0.838228031978
GmlqP8eI,-0.219744137634,-0.199499020709,-0.488486817359,-0.0759769624698,0.305546400484
GqkIrOvf,0.324258038164,0.402734933096,-0.0960691542951,0.727476637678,-0.335428732932
H0fsegPi,-0.26461054241,-0.119687954604,0.0866896272465,-0.482326002367,0.581455164978
H4dHpJjU,1.4757265649,1.08508914523,1.39030656417,1.84381625512,-0.973042607968
H5QwJCuU,2.04221007009,0.988786814102,1.77590216292,0.775694663055,-0.663227639055
H5uwmSZ0,0.212372078517,0.320917582418,-0.060921250847,-0.469553058804,0.522039233185
H8MtbVoL,1.07363973306,-0.132448969766,0.412396826042,0.00580307404634,-0.638649734093
H9JrUYnp,-0.151439255137,0.093223892694,0.115129566959,-0.0471544567785,0.0501150921868
HHYmmHVk,-0.439615081072,-0.028369915194,-0.238226361309,-0.725279055019,1.5600248055
HJ5U4uqL,-0.338858000086,-0.181128138297,-0.47445078852,0.00498464492315,-0.00961844738462
HNQxYc4w,-0.307774579947,0.0782238681115,-0.0788603910692,-0.470757468013,0.373480525484
HQYhKHZ8,-0.323457234913,-0.0526481357161,-0.259099844565,-0.246910592969,-0.121740006752
HSCMx0MC,-0.428598294688,0.0660849849395,-0.297677908149,-0.591374994467,1.21421160629
HXYuE0fx,2.33287692409,1.16210732092,1.60617956305,1.18139868717,-1.0449929418
HdKcxEWr,0.286056453745,0.73630647634,0.122286936488,0.665979188576,-0.25537366333
HecW1iCC,0.311031894386,0.191920996447,-0.315358923551,0.446931682599,-0.946857187519
HpbKB8rv,-0.279389489451,-0.0830937524772,-1.0611013699,1.52042455553,-0.994202103489
HrkoYjCg,0.198913437183,0.549649928985,0.155619194157,0.555355172202,-0.441554638412
I5P2uquT,0.00749519089217,0.215110066836,0.0287877308583,0.0784109460148,-0.524198096346
I94qkDM7,0.975771383906,0.0915496023288,-0.121119630582,-0.214781689071,0.338657612911
I9sQbtt8,-0.0663581581645,0.216202134272,-0.748150577429,2.19022442095,-0.850636156573
IFxgw6ZX,-0.121654196768,0.219950663737,-0.115826456885,0.0549589286518,-0.29476195132
IPPPSyoU,-0.289210282471,-0.101116589962,-0.510911166036,0.436046095641,-0.332971381308
IQOYQubU,1.70255476673,0.642052312476,1.39955647711,1.3569957434,-1.01482231774
IYNE2SxU,-0.301967800788,-0.0997646233586,-0.169916129198,-0.109970975688,-0.556316566038
IZRFk9kN,0.609133707428,0.57370543738,0.0273036090953,-0.12377617507,-0.129287097623
Iaq3v0t3,1.02236941232,0.485781665331,1.61903426651,-0.382083983285,-0.0581396480301
IbVwu1t6,-0.337029241287,-0.0635500742843,-0.591315589719,0.308116788893,0.0385279836935
IcHKTLyo,0.550143382858,-0.135892287219,0.34202618097,0.271591184064,-0.544702489546
IpW80wVB,-0.327451365019,0.0378598463891,-0.225286712932,-0.16325283038,0.340454063225
Itb0PYUV,1.36410186757,1.49677010081,1.49734713873,1.83664358162,-0.971576107895
J8fpSwS0,-0.268049049003,0.442118361222,-0.0226381366456,-0.530628261705,0.940164320645
JE1SlbD0,0.873580775312,0.924108157981,0.341742653626,2.48451640959,-1.05273590813
JEB4McNb,1.08092580345,0.318587965189,1.39779646744,0.167358005428,-0.99362110653
JEE4QVeQ,0.0290915094162,-0.141869445116,0.267153145939,-0.172437358002,-0.440435625963
JJSEU2VQ,-0.340042663453,0.467801810517,-0.224555300054,-0.57380927101,1.20067663368
JSsVriP2,1.07826309702,0.276353217812,0.353608828272,-0.279470468182,-0.238077289075
JUvQNiOK,0.626023332755,0.353108787769,0.552053533989,-0.321282609254,0.257511997339
JZbrRtm2,1.04680093133,0.497721067379,0.760062907109,-0.0616176426198,-0.353156307794
JcE9G92B,0.544570800599,0.656402233762,-0.0579979687939,1.04697646443,-0.756796114132
JnNYpXHr,1.0111242206,1.02290797569,0.174515674602,1.4509000376,-0.823654109895
JzpbnOtz,-0.225242571706,0.39145219352,-0.0167342604441,-0.51353907317,0.849285652223
JzzUhPQp,1.6061238254,0.823493319696,1.58253035017,0.273346969028,-0.768041874512
K05R8dQK,0.339742439594,0.403334488168,-0.211415580977,0.723293827535,-0.271617374939
K17pG2mG,-0.313145220921,-0.114699730383,0.0671381713592,-0.53007344761,0.538484613771
K8BellUe,0.550896068281,0.0945317363982,0.0522066908588,0.60620337297,-1.16798310775
KJ2eH6rr,1.85650379835,0.840403419967,0.565413044054,1.0253648439,-1.02196652829
KJEJ6Glk,0.875630356692,1.01616300425,0.34178307762,2.05756254906,-1.02262482979
KSbO0oXS,0.541891756133,1.05788825519,0.436045100995,1.10797523904,-0.786877655866
KXtvmd01,-0.274917621739,0.275104515511,0.0455475868681,-0.546190461782,1.10061284288
KYiJqBuJ,0.237548171277,-0.0586947944545,0.567655025576,-0.206074882554,-0.454804419625
KmbAyTcE,0.664695465597,0.675852221551,-0.0190017465739,0.0276907411024,-0.0985087617662
KnNyl3rV,0.00246102080644,0.460400824581,0.363174577607,-0.475976434865,0.500190875679
Kp2DG8TZ,-0.109774791834,0.371819091689,0.263836881637,-0.187832940875,0.391007300945
KqQtKWs5,1.90891054127,-0.0563778827567,0.428912386092,-0.443736456545,0.0558965923223
Ku27g63R,4.09654272207,1.12258233489,1.89169339499,1.64726484294,-0.713921526752
L2aTVqDq,0.274735221002,-0.0762213838988,-0.552494278217,1.27926655499,-0.280198927803
L5jvq6G4,1.45602598993,-0.0470296732674,0.285249560207,-0.499819580079,0.24561041499
L91hYVQl,1.1983702702,-0.0873268231655,0.179482117437,-0.419448038727,-0.169831764998
LINAMlbA,0.374713602615,0.579403039399,-0.12815028435,0.239410718221,0.317296788089
LJoUNXSx,-0.282953313305,-0.128469699197,-0.977867797109,0.76035454439,0.00618800470931
LLtSiyWD,-0.375146830459,0.0465573728312,-0.214714064254,-0.480281470176,0.210041873806
LQJtV8kn,1.63784931923,0.0282944127898,0.645860596524,0.18018606784,-0.69591349059
LW9uddw7,-0.0984191555531,0.126524820236,-0.595992256267,1.93964280889,-1.07607878603
LZ6sdBTR,1.01510254339,0.885151357521,1.0599527781,1.14804374634,-0.800751226447
La2Vhnne,0.807863643259,0.45338291071,0.627844867869,0.829752322899,-0.251550216397
LaUWSq9B,1.03102145163,0.41132967926,0.450510338351,0.796491331743,-1.02440070983
Lk4SfkPQ,0.70223154607,0.764320313981,-0.665554738824,1.1997048432,-1.14354203551
LllC836d,-0.241102183439,0.211124256415,-0.327084518224,-0.163106646344,0.433188278979
LuGiGeWN,1.251304738,0.156334655114,0.0347180301818,-0.194719328975,0.373987158151
LzcyHcWa,-0.382924353828,0.350788320211,-0.164583804496,-0.571415506581,1.13452927913
M7veP0H4,-0.187938912121,0.841206779253,0.0644736197138,-0.282788391099,0.482142660017
MB8aaJUc,-0.248198666752,0.169781126561,-0.558405622569,0.508430626177,0.286697830585
MDpe2zuy,-0.323098442113,-0.156511946819,-0.294762328673,-0.27580590149,-0.627798017986
MEzdmEIU,-0.299513391178,0.269765617161,-0.104963520338,-0.490332872019,0.568228730752
MVnhtivm,-0.307849726044,-0.00461907556982,-0.242676117336,-0.128124780268,0.115919775768
MYU7WDis,0.168403923874,0.430185144144,0.597484579425,-0.26442631279,0.358770555299
MZFqh6yw,1.88350613541,0.500180775263,1.71934656373,-0.101574134764,-0.168331863101
Mdgy4SsO,1.20315352186,0.775287447304,0.143180613963,1.97242919243,-0.955390122354
Mj8awnzy,-0.262780915848,0.34015237087,0.20641885743,-0.476638026114,1.02251472194
MpFPbUJy,1.71260374232,1.12509027178,1.45275472584,1.72157169873,-0.842423652113
Mqk7MFBM,-0.185469302614,1.10138619676,0.138746595905,-0.381127685736,0.401356280676
Mqs2t1Eo,0.476777514008,0.358774477377,-0.344709811846,0.544130930708,-0.591903254035
Mv3jFVxp,0.15486018287,0.339460435649,-0.217372334645,-0.376666630488,0.428454735362
MxODTXvA,5.03469189566,0.0315098713192,0.969663764625,0.362051837659,-0.250385370097
N46PbpPM,-0.184873334748,0.0465882982695,-0.0779834519955,-0.736653001668,1.61116371126
N5S5F9Gk,0.187276084369,0.152457833694,-0.517243095178,-0.10028058054,0.600102525946
NLDg5fqw,1.35406674776,0.47937340177,0.301645196177,1.14297421541,0.500194024995
NOho2ZiM,2.03600993522,0.785955192121,1.49938732854,1.26490587864,-1.03661816061
NUuY7PFU,1.34926866806,1.05817320387,0.980060711593,1.92860588924,-0.997046234445
NV1e8AEO,-0.350586251571,0.398269247096,-0.0803064540613,-0.557003332334,1.19786708344
NZLXROKC,0.0983216485535,0.0368032111817,0.278416952164,0.572946824391,-0.587241687213
NaJo7C6o,0.277100465868,0.642162457824,0.873342117574,0.28125996693,-0.203125266232
NgsyGkrO,0.516499192157,0.498473684675,0.284521813278,0.745843146993,-0.881856405897
NjOx4Zpo,0.179182884184,-0.141696632347,-0.74173656776,1.91776751467,-0.978193287771
NmQoI7x0,1.69407334419,0.32848966331,1.63735540535,0.269434936247,-0.739425740309
No4wkdLS,-0.0803649221485,-0.0942203580771,-0.0743875177075,-0.488324457073,-0.115860363742
NouMwhOf,0.632342693896,0.45543273309,0.499172984285,0.507544439889,-0.587388308379
O6YAWd8C,2.65217591704,0.0265123249213,0.555691943614,0.142929225535,-0.49072143327
OAXVphSh,1.02255396343,0.715155885722,1.16429295103,0.578251294056,-0.431061611089
OJBBhb6Q,1.07201905263,0.0306379970505,0.207319902955,-0.601456668146,1.08054686067
OSIQXImL,2.50617057361,0.796958034033,0.872908340809,0.473260268559,-0.735763173869
OUUFc5Zz,-0.309557385822,0.398546991698,-0.129545657965,-0.55750608707,0.933857698181
OVk1lquT,0.948571031447,0.879335549038,0.120131527798,1.66291722095,-0.801165324379
OXdRxjzz,-0.279490335031,-0.122528475437,-0.478979887598,0.572916138212,-0.367368898124
OXxW2ekf,0.580233826009,0.538015370233,-0.106260661494,-0.403362106338,0.0948638200843
OXz5OpqR,0.25592153755,0.766392915874,0.560839538682,0.153997713987,-0.41840329756
OcBFW1AX,1.05914344135,0.260428927634,-0.0686999042423,0.230930301854,0.237319590781
Of9V2rpt,-0.00700689207867,-0.00783870513659,0.0825982359667,0.0418818617748,-0.215615645506
OfLxPhbG,0.306178922908,0.273693842892,0.0537303136422,0.248333496645,-0.0787794686737
Ojx2vi48,-0.349735869351,-0.112894474768,-0.127766181141,-0.538502531333,0.218534193181
P3M32iuT,1.07050279076,-0.0792780435573,0.191715970869,-0.431211011662,-0.0597274596513
P7olVzrO,-0.230497968645,0.110484314651,-0.239322321021,-0.326947947211,0.21794321149
PAPHErnv,-0.283403754071,-0.00945605128583,-0.820336215439,0.820707563248,-0.0898451106404
PBjEtfXb,0.256062018797,0.52364186531,0.0168429921756,-0.469631885401,1.02302856919
PZGpoBBj,1.76988258499,0.873791435081,1.48108716619,0.24839515731,-0.859426491217
Pc2RrxXS,-0.156970972524,0.0857098343163,0.0354181934878,-0.0867716120455,-0.298829537009
PcHQ4FOu,-0.221079144557,-0.149580918802,-0.0795211253924,-0.227200841937,-0.427145498875
PeNyTOVN,0.578890359139,0.558667311019,-0.0440886560212,-0.063564295107,0.327081822209
PhUPSU53,0.230650804894,0.0465361035496,-0.358411449636,0.484826426833,-0.869862983588
PmUNeV2O,1.05749195508,-0.028885423562,0.0984415868496,-0.46462857242,0.0176053898703
PoDJ0uvK,2.65307162288,1.06369109482,1.68704817999,1.23031637174,-0.635431732707
PsUJdJdg,0.441620379881,0.410426917241,-0.0954403209621,0.871391804001,-0.426721929656
Q3xLFx1f,0.31493159865,-0.152732149658,-0.690129392165,0.507340691313,-0.305776336798
QBGxCvdM,0.0362718261071,-0.1360933455,0.0416079191602,0.125850280116,-0.604868862069
QCEPyu6L,0.482034139443,0.0995745805232,-0.612303954447,0.791656047516,-0.291950364803
QEfwec4s,3.25740586905,1.18068016104,1.68828355141,3.03656026026,-0.893866578371
QZ87Nnr3,-0.189452646782,0.653555357377,0.0545192280027,-0.30544767167,0.398101092899
QlyGN9jv,0.801111007575,0.448199251043,0.0169610930663,-0.437202794558,0.579707449763
QqgWE1ny,-0.031100645833,0.234312733157,0.168972792191,0.0654080103064,-0.377659705057
QrjjBpZd,-0.180218968474,0.0518478312539,-0.961354537097,1.66071708409,-0.73612925237
QsaBiX7V,-0.00748729717623,0.160227887791,0.255320582077,0.191940503717,-0.283182396692
QtBKJuZk,-0.112689927422,0.0583479291174,-0.0298537145997,-0.101759250405,-0.0885534743126
QtPRO8OJ,-0.371029647022,-0.0926864345901,-0.337215813942,-0.529512639587,0.376585652077
R8XcsFnp,0.808299317429,0.540622061294,0.23386466762,-0.0433904686624,1.08864280194
RROfRt9z,1.14096194952,0.648507799359,0.464407041516,1.13077465063,-0.892243507042
RTcbiDGq,-0.344843783842,0.0410615024711,-0.167353256223,-0.23295268367,-0.146790990194
RVidM9g0,0.751514253375,0.443541583443,0.984483518572,-0.433700132029,0.555517995352
RZnQSH19,-0.429185342216,0.325992138414,-0.251635527335,-0.645997505089,1.31334148009
Rc4UK7fT,-0.14004963096,0.388816579838,-0.244347401337,-0.000939570749789,0.252211589973
RcKBKh6B,0.251851603375,0.532879976291,-0.0713116111054,-0.394126550913,0.669391304007
ReM5kDa5,0.473466320048,-0.129894294266,0.374925496547,0.237535266452,-0.699800829549
RfntsotG,-0.417770542254,0.230911932055,-0.158730955589,-0.692142977673,1.23824549262
RiXMlzXD,-0.307421276357,0.0531358354668,-0.137086811322,-0.307726313209,-0.187842247393
Rik83O3m,-0.289798387646,-0.100511397891,-0.219326872379,-0.144527878867,-0.0238665805401
S3PCzDzO,0.260282986672,0.409125178793,0.874462351203,-0.122305494924,-0.292344957103
S77BviOJ,-0.244207609947,-0.161568444712,0.0317914918908,-0.188783133883,-0.420708515998
SDdvtktF,-0.282937290152,-0.202505758089,-0.379356951456,0.368032212067,-0.743524121641
SHs1AyfM,-0.0254219174347,0.0938934829428,-0.107243851783,-0.252971862467,0.341759445547
SO4zQy9k,-0.289895311251,0.477425941549,-0.0564859646762,-0.548489019093,1.14594135656
SOOBCoiG,-0.291572012333,0.0851948488906,-0.0410763190923,-0.659212217043,1.40041785491
SXkkPB7A,-0.270790389974,0.49231361667,0.0143040290549,-0.49526645819,1.19506947694
Sa93dGqq,0.0136154554587,0.59269223168,-0.137945040225,0.557449587409,0.563329742562
SonIG72a,0.729138134301,0.795503739733,0.00141233197809,-0.395929938036,0.603038031857
Suf6hIBc,-0.29586530057,0.548251752696,-0.00726413417641,-0.533099827002,1.16960323837
Sx2JeSRz,0.0357981712342,0.466648068596,0.399362198098,0.349247348008,0.00227126045226
T1Tlftr4,-0.102731211453,0.327994486265,0.0581579464603,-0.518485129615,0.83481298796
T7ulR4ci,-0.371652770674,0.205237057879,0.0810907938052,-0.622765887728,1.03946438359
TA1NB3Br,-0.213474202523,0.452035487567,0.0508654834945,-0.499426162008,1.11673989725
TFZUskaK,1.18678255562,0.573348272444,0.466739382234,0.114852622374,-1.00426100989
TNL8HGWZ,0.0827335876478,-0.152004805092,0.023750330122,0.0394298264043,-0.704452996654
TZ8z1GSF,-0.342131469735,-0.203099583342,-0.340649704631,-0.367887204967,-0.0138495706332
TqhRvkJJ,1.32784421545,0.08923988301,1.40413666646,-0.071519899175,-0.944538413403
TtJCUiY4,0.143830753852,0.533877984219,-0.0986654562697,-0.535604780616,0.941356425731
TwDq0lua,0.216154353122,0.306468365147,0.56053855523,0.118396996865,-0.474024958333
Tzyf02sI,-0.00973234518943,0.405617124954,0.352014008809,-0.572064547787,0.966332417349
U3yI6ZS5,3.36870657239,1.22014085943,1.68746258935,2.42892493652,-1.01636702926
UBLnXZAN,-0.20018233762,0.00724375313012,-1.05684845942,2.15662833169,-0.54413890599
UBWDzleg,-0.182190322115,0.381377823108,-0.233213777283,0.545484672495,-0.211618657589
UBqkX6SY,1.4391770494,0.893188110536,1.38930159164,0.724524172555,-0.853899419422
UCIAi1Aj,-0.227337309338,-0.0482028546243,-0.319609474616,-0.0475542196773,-0.409852806742
UPbXGvCS,0.277760506785,-0.130398404944,0.240366808226,0.309635222082,-0.739443406527
UeWm1l9F,-0.0508473102919,0.10148038384,-0.390263683598,1.59827507407,0.204344064465
UhucscY7,-0.124435359897,0.124476435836,-0.49691290486,0.0783285366367,-0.266745949445
Uri1SvHV,0.281087024535,-0.0488288927402,0.0406080533727,0.306285937673,-0.620142691214
UzxipGJS,-0.246700741804,0.22978037345,-0.0956411224272,-0.509180734041,0.752063618282
V74zfaAQ,1.14934401664,-0.106785717266,0.423384824116,0.314149464969,-0.665161062244
VBPxBLTh,1.22618574069,0.777670744347,1.23413350822,1.27376562726,-1.01041928067
VLG7CXYS,-0.182627793311,0.406444302418,-0.0721212611206,-0.368371162276,0.846547429545
VNk52SpF,0.445593858726,0.124115805085,-0.68779807535,1.98907312524,-1.13271551696
VOREKsok,-0.451346561307,0.142877123089,-0.351150464331,-0.746275249929,1.64598593702
VRhTr5pX,-0.311271063784,0.286073480069,-0.063315508009,-0.553696120632,0.397342262712
VTcG4Kcw,-0.0644064443986,0.545651529605,0.0937828888241,-0.451109442433,0.701410698125
VeKiWSbS,-0.265210847117,0.375743813705,-0.077540881791,-0.502168486225,1.13143073778
VnU8nJHU,0.737188532991,-0.021457628157,0.444573857794,-0.127103854198,-0.192836303299
VueNCxYv,0.688588140557,0.852745381651,-0.163885841287,-0.152628638359,0.330516143876
VxuQTRUl,-0.133248150546,0.099836834937,0.102381499853,0.0219751193494,-0.362100904998
W5lgaocA,1.25586487644,0.61267914693,1.73095112302,-0.127124386034,-0.142329013403
W5mMq9Ef,0.38430686165,0.326854439747,-0.29161636291,0.330858014558,0.514810527577
WDhNqFpS,1.54604894617,0.453492049738,0.522551760989,0.669007414961,-0.878398393183
WE6n1kZi,0.0541696147334,-0.102160148928,-0.704753159737,1.18325973898,0.11640610596
WFk6r3vA,-0.29369487444,-0.0916137568812,-0.1408638778,-0.236822697815,0.0306408244308
WFyIrsUR,1.50065590621,0.270065295892,0.0906886402023,2.36828715376,-0.967699335897
WG6ZAsqR,-0.433310462698,0.0985814369327,-0.285589379637,-0.652218364019,1.29112760644
WMq3CZQk,0.0999883218951,-0.201029431375,-0.705079328141,1.37417087078,-1.04095762254
WRskmGjh,-0.344691066111,-0.142406023052,-0.296193462315,-0.235272879987,-0.568327710143
WXijSglj,-0.2789433938,-0.19534419865,-0.493386631828,-0.151725595922,-0.173024063003
Wc0stQgu,-0.272565144153,-0.117997492397,-0.615924410275,0.789885528213,-0.544170877425
WewoSCUB,1.51855786682,-0.0551039240582,0.163597571468,-0.519341735681,0.199398967207
WuHuhHWJ,-0.245185890397,0.403468197703,0.0853510883627,-0.537646150939,1.2205447953
Wv7EBtZb,1.33405777305,0.802829408402,1.51091944963,0.348222519057,-0.809940174198
WyPlxDn0,-0.304899856047,0.463212208297,0.0354833964279,-0.523404044276,1.08217531526
X3WqoSNN,1.97164643816,3.41357415506,1.14288047737,1.37434188856,-0.863048114426
XDhyP9KB,0.752605380928,0.0993445206842,0.0982628360073,-0.015157336508,-0.0958363251112
XQxhDRMG,0.764399850198,0.51188970661,-0.241409389866,0.0616568884003,0.460395730445
XjLNAwxW,1.57170584633,0.268858094877,0.485996068896,0.406485593107,-0.831528233888
XjfVQbXd,0.749797358507,0.944189893997,1.44781438029,0.205347193201,-0.618112254099
Xovczbf6,-0.455308677864,0.037267872254,-0.489770382964,-0.737231188716,1.64087767067
Y8H4onBf,2.65520520372,0.0291057201946,0.739821067757,-0.391198269576,0.109714365456
Y8YgzSZ9,3.10644174071,1.17804057961,1.55241825701,0.804298647718,-0.333060471346
YC4PNV20,-0.0666439642894,-0.177568916508,0.0964001719323,-0.388677185131,1.10608121269
YDHSCRdd,3.67555437257,1.1696189613,1.61437076686,2.98988627224,-0.903663043823
YIJ87aME,-0.0784934691637,0.429473971124,0.116142221246,0.0893805394633,0.00258234871416
YKvT4dFv,-0.325173641913,0.1164865626,-0.243547613351,-0.389889951597,0.541621978609
YNebALR2,0.25148379365,0.0847966098358,-0.379772110994,-0.143306808139,0.262021528435
YNrnqFyb,0.689958365585,0.665400613608,-0.0475912970544,-0.0750139446096,-0.0671196335003
YUZ4lR3m,-0.309391336495,0.303592471097,-0.0856250231336,-0.327845769279,0.583387926304
YYLvjoVC,0.766580928159,0.364185612204,0.270354442057,0.382501037682,-0.779263180775
Yb8OtMb2,0.279101907526,-0.016919622455,0.436204804637,0.374472795049,-0.657603953696
Ycg4lTYw,1.4996175065,-0.0934448013362,-0.0660381349098,1.64874078827,-0.921946273532
Yfk6tekH,0.657512982486,0.54373411228,0.772798507269,0.0603325638731,-0.588465020256
YoSfgmR6,-0.256496131014,-0.0479580855987,-0.555835784707,-0.0510127361609,-0.291949420786
YpzFvexy,-0.22649278223,-0.0159142862663,-0.273454978386,0.176065288217,-0.413876694862
Yxqppfa3,0.966162061682,0.412019157378,0.430158033902,1.08270385236,-0.714154225741
Z16jTUvP,0.489158468308,0.514666432552,-0.098690546363,-0.00442110824893,0.121121448372
Z2BdCCbJ,-0.303373236017,0.509183114562,-0.0401071246415,-0.502523343132,1.13743681614
Z2JJMM6V,-0.0977451240958,0.457123800153,-0.0220268322933,0.0281448645192,-0.0352408684459
Z5jE1OB5,0.256654903213,0.496276310833,-0.116117099084,-0.284015414717,0.314985050726
ZFsIqYxA,-0.318239820758,0.0941147488722,-0.27233433821,-0.066344625499,-0.133389253247
ZHDVsoRh,-0.219078633278,-0.112416042268,-0.27408771465,0.238317100119,-0.564473322461
ZSmfu2Fc,-0.16610270152,0.309573918079,-0.113888600371,-0.0910866704834,0.410798590486
ZU8YXF3H,-0.448918674982,0.0344938070453,-0.314891957108,-0.690053635054,1.29188704284
ZXKaNy6Z,-0.137452960744,-0.186182471559,-0.233716840602,-0.0155470292343,0.427476731325
ZbYLo0zK,-0.111048545448,0.0674696201799,0.11130499915,-0.25038834521,-0.228795499737
ZedN8Gcn,-0.144582538062,0.0533712767065,-0.118389763447,0.0114369505357,-0.419005964514
ZgD4Dau6,0.495079192661,0.386128302317,0.0452009368452,-0.38213112111,-0.426815184043
Zgzf79LA,1.18245050561,-0.0351862386124,0.102104266431,-0.420768532285,-0.0312467726768
ZjqzxDOF,0.69111679346,0.53199628451,1.35462798386,-0.100707710477,-0.458643648923
ZsZ5aDpq,0.661890953455,0.606305013266,0.335706335156,2.0382102299,-1.0436414494
ZtyqE7If,1.34228681111,0.781147142086,0.471618927508,0.254206928133,-0.442797190481
ZvUgz01f,-0.242594917953,0.0260996393981,0.0141926973334,-0.548041607124,0.663354966677
ZwrhgdQV,1.55153015458,0.743812460263,0.824054003238,1.07322284205,-0.334349974987
a7bhJGBU,2.19398630758,3.4220331277,1.5231641401,1.5186876361,-0.921694150702
aHpv6KzP,3.06908904274,0.655562163534,1.6741416902,1.86654402625,-1.09003135997
aINzEBVN,-0.165787776584,-0.0552432010712,0.278342202364,-0.239464745514,-0.269213226036
aP9EtTGF,2.80515929553,0.515935605994,1.70266814024,0.833324805421,-0.93039615489
aV6EhtSL,-0.33848904628,0.0305541794481,-0.249779908221,-0.248180718332,-0.345422399509
aVZsXKoH,1.72744997723,0.754634786312,1.57578081005,0.350755430997,-0.945326852927
aYVnVJvc,2.74346579764,0.0535165236648,0.725522514463,0.433537225774,-0.678890214104
abCzN1zx,0.208703056402,-0.145365149437,-0.631803383425,1.00722252381,-0.585243673727
ae7sMiB4,0.67106619673,0.633042427055,0.106597979057,0.279067363403,-0.200349178064
afsVuCGV,0.476286762682,0.557686124319,-0.136010704543,0.400813131398,0.300028586557
aiwBQETI,0.0488843117914,-0.153624613405,0.0196377294027,0.0923426824213,-0.613970736006
aiyli4EI,2.32811270504,1.08178421681,1.71104377298,1.20631188755,-0.652831308818
apJ7NmzD,1.97120775477,0.794322042439,1.88016727192,0.627090761468,-0.767816655899
atVjNMtQ,0.14762213494,0.439971538412,-0.874836208671,2.37251190668,-1.05709614757
b5GirVGV,-0.44020567026,0.0547939574793,-0.176928739709,-0.594759285917,0.704111758163
b9SpMjNB,0.101884003885,0.839491641088,0.140944061668,-0.0666719689149,0.817121024783
bAFs37yy,-0.299108590861,0.500305578463,-0.00776419750813,-0.583388796199,1.12690661311
bDia1hHV,1.13121206455,0.621523892822,0.350589575252,0.863149037464,-0.725812287962
bFkv5Mtr,-0.0413654579574,0.380337822062,0.14628118292,0.220030384662,-0.034627459816
bHe2IXgA,0.141644379185,0.230391824355,-0.93467205713,2.50355802212,-1.05729225334
bWX3vUm5,2.24527517509,0.023103249604,0.75065561563,0.221072592391,-0.423943249229
bat8tcGs,0.869962324898,0.09055842553,0.0576368890766,1.32765877876,-1.07353961313
bfjej4wu,0.171051559207,0.00387815032404,0.0084058566863,0.229993593228,-0.469809101952
bh04YDiP,-0.0854841202966,0.205019834119,-0.19938216316,0.00840118328193,0.1204785741
c110Fdc8,-0.165543944049,0.271483486414,-0.0490608068273,-0.415506699848,0.696906249209
c32GUzMa,1.08340293647,0.0929673777994,0.0279290228051,-0.00245826163889,0.434394919475
cT6uU0B0,0.689847492454,0.490240415926,-0.269768545384,-0.480168409945,1.16389510532
cWXCiFwh,-0.290826050392,-0.0993059307344,-0.405316896592,-0.149663228474,-0.576651564612
ceNvS3yd,-0.329816460202,0.0694279099308,-0.406132848065,0.19499096298,0.429537740839
cmwdt4Av,1.26796891502,0.862622490398,1.41864119164,0.761092891771,-0.982820980512
cn4EHsup,-0.264361681823,0.155965931303,-0.182104128727,0.271961386742,0.106540780625
crVOGGTT,0.590561176109,0.965205036147,0.11557518028,-0.503001461894,0.876299145297
csPEJ1E5,1.48352270702,-0.113388494133,0.578514309242,0.151289013245,-0.54978298207
d0UrRtMk,-0.411837839398,0.18226888161,-0.151167974727,-0.712344681702,1.4040434023
d6LU4G4I,-0.106136432505,0.0950135948795,0.047240582232,0.45031609828,0.178804048584
d74T1DVv,-0.113929224101,-0.0906060636184,-0.764193638302,1.89238005258,-0.906797201866
dR6rM1tQ,0.591097208496,0.268361908301,-0.0311141593487,0.775379675053,-1.07343923913
dUNxOoqg,0.232626470563,0.223478514577,-0.249925041123,0.393573117572,-0.253192089863
dUnlyhj7,0.79460802698,0.364070594544,1.01579439118,-0.391490940575,0.144901800766
dVDlnZQ6,-0.25848337667,-0.0839717874464,-0.81223443639,0.569227938819,-0.904568908834
dVT26GDu,0.548353087337,0.586812081907,0.0104270437003,-0.511187964856,0.821694414244
de43ycXY,1.10500189922,0.591530870821,0.719879808234,-0.0418100929056,-0.428626555863
dfIn7m9z,-0.24620978597,0.0199892629706,-0.240531897109,0.0645400180817,0.044600003876
dhmb9ZY9,3.80482925721,1.36116793101,1.59427827043,2.03045146383,-0.937072273881
dn8kCuyf,-0.119856716421,0.00671741123195,-0.0976386841741,-0.148423487431,0.463442265469
dpcquvWW,-0.331856089769,0.209508053818,-0.142678255983,-0.461706031842,0.328232660557
dqcbIMyr,0.98390427548,-0.00799258087334,-0.000608612433657,-0.0378374209124,0.101363811424
drWgsBf5,-0.0462536140321,0.255511520411,-0.164116835482,0.924460162913,-0.701872704322
dytx0HSe,-0.455997063544,0.0597164005389,-0.402402125335,-0.700625999441,1.31387480443
e4KkkIha,1.43159458999,0.834381000831,1.58515311543,0.227063236874,-0.713284766033
e9YorH4m,1.16131843898,0.229942851122,0.976725732061,-0.104558112619,-0.0809973554021
eB9gVQ0R,0.740123359209,2.92014466674,0.145804965039,-0.46893239615,0.337734856172
eMhLFqU6,0.96778617096,0.24168426362,-0.150748296049,0.0875916532453,0.144767052854
eMllg1qm,0.980131122201,0.791094019218,0.771085618285,0.216228537044,-0.568481901583
eNPunZ9i,1.12219345206,0.791178075421,0.117969626092,0.775707851789,0.114974993288
eS5BSM4J,-0.435153552068,-0.0377520152222,-0.241251747145,-0.589723703528,1.32687910529
eVGMFoOI,1.11701217008,0.24839037889,0.362770723391,-0.177712112488,0.104332165421
eaIwb3rG,0.329800628289,0.609356334205,0.106541801716,-0.388114284823,1.14359451249
eyzw8Vis,-0.283521594275,0.39607536417,-0.0109959349806,-0.49592160425,1.22180988424
f04Ke2bN,-0.315817767057,0.289789444225,-0.155569968206,-0.218868260419,0.824082555047
f4GA0te1,-0.141551111491,0.235427680398,-0.0975622073525,-0.431499251885,0.645246342257
f7bd91h5,-0.362767281387,0.318847588861,0.131396436612,-0.640182999303,1.25462235008
fB7z9ndr,-0.28817841992,0.324398605122,0.0279103073742,-0.495451811992,1.09863455402
fEe7AWFA,1.57964000822,0.673201139708,0.41401173775,1.51084837345,-0.9799426428
fJJIbgY9,1.04407206714,0.652405999535,1.21625809566,-0.0198452421245,-0.734056794274
fQBURMvg,-0.407701354293,0.0164452204072,-0.234388351625,-0.570087264909,1.11310927573
fS0HpOub,-0.338662567678,0.405896816745,0.0283421162872,-0.557309738595,1.11003665017
fTDXauuk,1.21535180836,0.365058626767,0.636822718481,0.0722299892787,-0.814515600792
favPNA2N,1.04956881227,0.784445877846,0.227182083305,0.442692817949,0.319902579325
g3Fv0U4k,-0.144608972981,0.122311981043,-0.830038189379,0.757665812636,-0.452761214584
g5PKo2E2,0.238603993657,-0.0186481587712,0.79669833711,0.155136985318,-0.447272662362
gbjnD5fe,0.505811986815,0.477648552834,-0.181484585893,-0.542101238583,0.814276468414
ge9zqXCv,2.17371849404,0.486396083239,0.195842978855,2.04313937023,-1.05804892267
geeqJpSE,-0.294843205225,0.493568177175,0.0506046625489,-0.589781401127,1.17717861301
gqy1J2RS,0.176897071926,-0.025459344873,0.544529812088,0.303152331779,-0.680406497355
grlUtS3H,-0.0131615515069,-0.0782822285461,-0.232490740358,0.749775332328,-0.302527424962
gx965KYj,-0.0803356978098,0.213594451273,-0.27677355049,0.845225270416,-0.877068505305
h3F08Vjm,0.162193264072,0.170072986427,0.0805912790115,-0.541058172848,1.1684583406
h6FQG8Iy,-0.146153726378,0.54863040482,0.122880293913,-0.504206922274,1.1651259615
h7ftM8b3,1.50249210866,0.826336959345,1.41869787142,0.332720646035,-0.846709291696
hLrCHXZv,1.65646672178,-0.0765895515879,0.669711300266,0.332339880165,-0.662048514822
hQ6VBuFx,0.75208320618,2.530905407,0.0991396107583,-0.407515884295,0.446406317514
hYoR2y7w,0.276423177375,0.462872715833,-0.161339106187,1.02201347525,-0.985500262467
hf65yZkM,0.874281303886,0.664334399096,0.215454635162,1.99891247443,-1.07957561123
hjuwe1x4,-0.217227123551,0.0505440155813,0.0568146065387,-0.179588859417,0.120435433922
hyINlsFR,0.718383502949,0.71440037898,-0.0188211449552,0.694419862763,0.612114766082
i0Qlm9Bv,-0.240055040014,0.427470049837,-0.0497128236518,-0.516110071943,1.12122425581
i1VxfxMb,-0.166145092397,0.347401910407,-0.137060977347,-0.538131973311,1.03130978593
i2l6jXNP,-0.359476944242,0.0785654176449,-0.225755572266,-0.239187799769,0.29361249125
i4FgPZv7,-0.230938328782,0.727832537811,0.148110803964,-0.378175384291,0.987541730475
i7XtIkSi,0.546539676518,0.590396190421,-0.0161977248121,0.285218719118,-0.354646774468
i9z346Ut,0.509969028566,0.392172654382,-0.199159899531,1.15119261007,0.572127650164
iDOat4cZ,1.46747890112,0.889190357317,1.43819904336,0.468093803661,-0.795061356585
iNv6RoSO,0.00317400623261,0.328976935104,-0.113188526137,-0.400778724377,0.922175780227
iSL9NYzy,3.53333404476,1.13778394452,1.76186563004,2.82609935654,-1.02481611338
iSqVc1r8,1.06772841422,0.740748417088,1.1189586182,-0.198523357461,-0.375343479886
iYZMftt6,1.24038782607,0.562140702646,0.248526935727,1.15376673693,-1.05246591893
ieTPaa3c,-0.350896189575,0.0504144894856,-0.388331548335,-0.272331015925,0.235925692454
if7BmzU0,-0.320439506421,0.561278056276,-0.0121099412813,-0.661322103472,1.20072859174
ihNz5bmx,-0.226386834484,0.476402440943,-0.170692988276,-0.135406261277,0.157515223916
ikJXKdIN,0.84741668079,-0.168864306537,0.112737793793,-0.620252871255,0.00103627050925
iq2kxikN,0.108307288245,-0.158975765021,0.185423372397,-0.0234805229664,-0.488605152306
iuZEDJK7,-0.317846092363,0.354360934398,-0.152311777598,-0.572113412444,1.15423355086
iyF8gVT7,0.161890855415,0.521344619128,-0.0463870610769,-0.511987123641,1.06561078025
j06qdQ0V,-0.260560413954,0.201680441844,-0.19544222867,-0.337719494503,0.27148282715
j7hl8svO,1.12304628701,0.72854398494,0.441061019118,1.13837436808,-1.12912777981
j8hMoJUN,-0.370957412839,-0.0464517213145,-0.146292468659,-0.52194935217,-0.135525412908
jNaFasbV,-0.260711486727,0.158318034412,-0.555965108366,0.722308656245,-0.330044829296
jVVHeYHT,-0.0589232065812,0.338195098426,0.363996445872,-0.194586139871,0.442112513592
jXm4ySvK,-0.190823925777,0.497179101235,-0.0380385607894,-0.32640287176,0.885435842538
juO5ii5l,0.545623874149,0.503915028362,0.753030023396,-0.231796589483,-0.142928337135
k2hdEBsU,-0.385073061514,-0.105130054019,-0.0439067001572,-0.63238558775,1.33154404037
k3ynMfhN,0.490987184102,0.360031791161,0.763441130362,-0.262854153172,0.323885771615
k9C9yBtr,1.78861668628,-0.0659740869349,0.721011578283,0.337174492056,-0.565429267738
kAKRvcRo,-0.282485449254,-0.13934124899,-0.863902796022,0.774801044566,-1.01928173758
kBi3R2oC,0.563026014063,0.670894504029,-0.00184899263814,0.209973188284,-0.322467728118
kDWmnsXe,0.00440416583491,-0.117349721162,0.366064893977,-0.0655298185493,-0.0804443340826
kSGBd2Vh,-0.198785296495,0.464909571304,-0.0342474199072,-0.604858310449,1.12883858756
kT0miHPT,-0.376310522802,0.153673796361,-0.221284116682,-0.517187699099,0.686131223437
kaW0TfRn,0.680543231913,0.491059684517,-0.16646283575,-0.403320095508,0.123966621026
kmg3SowO,-0.269911087572,0.108865820072,-0.473674434717,0.651071022092,0.266220227481
kpxKSlnF,2.08385602906,0.829995030923,1.23489823242,1.19264606117,-0.44228360993
ku2cn1MV,0.768035520964,0.477637775972,1.09932917184,0.290458976894,-0.524967429456
l1su5HU9,0.545739442656,0.638320342729,-0.0239345516442,-0.100757786478,0.261446435364
l8Tg2RvD,-0.0788562194801,0.562178408079,0.178383413183,-0.185151002699,0.318718995018
lB6NsVOc,-0.440599204356,-0.108546787691,-0.193381522849,-0.643065846892,1.441712998
lEcdVyKk,-0.376975475731,0.176665131232,-0.168329963642,-0.541667554118,1.11794815434
lH4TasGl,0.902067913059,0.396645970025,0.592536301901,-0.114230999343,-0.754687811914
lO9aggHW,0.000987577543431,0.154664438484,0.0624778743644,0.125497271141,0.102896236208
lW3m9Vzu,0.515763115353,0.280086339716,-0.203264687532,0.149006890179,-0.539722860445
lYLseGDP,1.3050511177,0.147040436702,0.912593314956,0.374331702928,0.0573597999119
lcOnCdZi,0.338854159343,0.351047626477,1.00246794674,-0.311118755881,-0.378907008558
le9YGwON,0.651565854848,0.718307830917,-0.0360583470618,-0.116939408149,-0.144829509969
llMvu3TX,3.23619308525,0.79831877628,2.01743685349,-0.155877770604,-0.117523647759
lnHh2jFO,0.997266099283,0.552117151904,1.16049540272,-0.249822850263,-0.232247291228
m07CVXd4,-0.347279907201,0.348668023158,0.0109776771285,-0.66200646744,1.1734409555
m1lPk91z,-0.291597581773,0.55550421257,0.253900222451,-0.516464691208,1.06595425872
m9IQdmwa,-0.438450214793,0.125166410539,-0.10977506956,-0.59887765862,1.17132917418
mG9BRy5x,-0.0652865656021,0.141060591965,0.122557225767,-0.0128935852232,0.14189943416
mVHXnama,1.37471649451,-0.063864483714,0.378776278738,-0.279774156916,-0.0190843156388
mXyrR6nU,-0.323928456682,0.00011329191969,-0.191559451282,-0.477522547693,0.472044716702
mbzNdxNc,0.00154235200683,0.288467884515,-0.214739636206,0.5760409504,-0.10345240469
mntH7g3L,1.08302241274,0.569259059169,0.959491370804,-0.208676425221,-0.326524277227
msRTXP3H,-0.23132129224,0.341822873344,-0.0258063895986,-0.108963463359,0.388729773333
mxBjvIPR,-0.344525227206,0.166324722361,-0.149266678877,-0.467124131782,0.356717482539
n8Opmfbz,1.51533722884,0.71177737716,1.62430681641,0.676861921882,-0.629410927906
nOkgU29Q,1.7121484369,0.603233002475,0.338400488993,0.202482157409,-0.0775553476838
nhttf7VM,0.265304017031,0.668982687023,0.502225892617,0.363513150854,-0.326414046427
njLbXYa3,-0.278399664607,0.0206070874225,-0.134433083487,-0.336872063998,-0.32481173153
nwkIpzmh,0.430788697015,0.703202858956,1.06890075813,0.245990759841,-0.683023250239
nzB1R9Zg,0.892815943984,0.3424731152,0.454034210779,-0.285834548714,-0.34331302944
o1rZRI84,-0.056529938732,0.1349306898,-0.234112293606,-0.172588693089,-0.0625832943078
o7q5Mbty,1.00874481327,0.638692134265,0.487903067726,0.938479297958,-0.804842839212
oCBvysqB,-0.288370135207,-0.0607130368863,-0.380380026712,-0.119283208236,-0.553500951603
oDmycTPH,0.704854291763,-0.218645004536,0.123312647013,-0.699257905059,1.12167418826
oFAXZvQv,0.200661700871,-0.127223411686,-0.151603369378,-0.188569082068,-0.318728247455
oHE3M1zX,-0.161808426624,0.458463552403,-0.0782635705666,0.612885736089,0.13279825741
oMhVmSpV,-0.364921463165,-0.0973359786591,-0.326301946004,-0.38691450104,-0.181414684351
oNsDqVbi,0.978506638474,0.618422172017,1.29258247174,-0.0312933582412,-0.397406377263
oYAJqQk8,0.764095022084,-0.00923208647664,-0.0625791271129,-0.562477889718,0.0951484261419
ob5Kb6dW,-0.41214413643,0.319163976454,-0.254792780426,-0.554660151136,1.14328512654
obnzqs79,2.47031245046,0.0311700424406,0.514747098147,-0.388505162738,0.00385498209199
oncLcgRP,-0.325157179344,0.00668357565686,-0.29513346471,-0.0825805378333,0.204524894296
ooWVYaAe,-0.222868055402,-0.0232192920184,-0.861382239157,1.08454644099,-0.936951680104
osdyOUnV,0.998594965831,0.363961787526,-0.0823359850953,0.523534377583,0.170032953384
p7H9CzCv,0.383746755384,0.466225662962,-0.0109076354767,0.614450735088,-0.125371424525
p7U9hVhY,-0.36591401407,0.100554606513,-0.0312215027873,-0.546333571402,1.07028935353
pE6Cf1RV,-0.111019340157,0.558104072591,0.0440509776204,-0.445709229628,0.728524544654
pI7qzotI,1.28527134207,0.00593475732238,0.428121945959,0.0597508658197,-0.178505324703
pJrIA4sk,-0.330979405007,0.00314153926811,-0.0809281374115,-0.519923185228,0.119213464772
pXne2CLZ,-0.159930256796,0.0431216931873,-0.683012526771,2.42494810318,-1.04163094264
pZMcDIOS,-0.386125003939,0.265129419705,-0.127041911866,-0.585331348724,1.01350545878
pavfp3cc,0.237939438674,0.204011173953,0.525331196296,0.315006779905,-0.452454254111
pbQdC5L3,0.48790134328,-0.0558220663221,0.0781706923666,-0.423082359461,-0.0105134085884
pgj7aAFP,0.71787366889,0.634181207638,-0.298502168313,-0.437459607322,0.457522315519
pxg8G3ed,0.692023597686,2.31242229355,0.0917211760215,0.232802917687,0.788340934282
q36Npk6l,1.2509506569,-0.0610469805808,0.078277453577,-0.493462039863,0.43246532148
q4aDOVvq,0.375652589629,0.845281532143,0.408943070295,0.316508761926,-0.781692762707
qGmfR9CN,0.473702368148,0.666584509979,-0.024305788837,0.404716853696,-0.114955612824
qJ51ODpA,-0.309618222989,0.0760070031647,-0.557327345725,0.901549529882,0.218067596417
qQX3cs3I,0.334583164406,0.604242877833,0.748337525262,-0.0457651395479,-0.540703824555
qXeIxPb8,-0.201019894534,0.49371215589,-0.0634209583076,-0.53254619162,1.16090454355
qYQ4MShM,1.39983736589,0.719449029092,0.557125220788,0.4239512286,-0.902989912505
qa0etnhK,1.97801110979,0.65648621594,0.666678499826,0.606186950502,-0.942436072687
qbL4sboq,-0.0293353952624,0.391770180128,-0.0347713718463,-0.00110847368085,-0.141827535681
qbYrsWHq,0.831281957077,0.662128628396,1.47309160684,0.0208022078014,-0.14594077906
r1zmcUqQ,0.88056197375,0.609459451745,0.309905365915,0.0231770615767,-0.450133647277
r54iHeQC,-0.381243728909,0.379147919153,-0.0907007611452,-0.562877237254,1.17746874166
r6xrAnQV,4.72333543842,0.725797612619,1.95509846417,0.60899991317,-0.0750037111108
r9HxnQDg,-0.0331450326261,0.707319314204,0.210784820487,-0.195251963492,0.683815121344
rG8Puuf9,1.19649648452,0.558076878323,0.976514997051,1.28450401826,-0.860243522565
rGuiefuR,-0.175682579412,0.138676116764,-0.339806918098,0.605308372572,-0.472891754958
rJ19OhGP,-0.433411436528,0.149110749428,-0.349859217431,-0.659335221653,1.37092223922
rOCYepHd,0.530032911689,0.298133674863,0.804901896405,-0.0431108697251,-0.748281747455
rQJaOPFI,0.317804216325,-0.0306148000134,0.605776557707,-0.0398903395539,-0.0211834064978
rQhZtZeh,-0.104775759906,0.403779022301,0.0470763617519,-0.479175344158,0.860964799073
rapmok0w,-0.26522208129,0.126979176663,-0.657498915378,0.355972648593,0.160509788796
rgzfnPVu,-0.0137605692087,0.596076632116,0.62894291332,-0.190517837691,-0.0734673909024
ri4qhb1S,-0.209824849932,0.0920645721164,0.120448563308,-0.350433529743,-0.137133180588
rqpFYzff,-0.162671651894,-0.135031070709,0.104885122249,-0.174659889334,0.106780276008
rrs22coX,0.158839015254,0.191999797793,0.02654110768,-0.533255595161,1.16505331997
sEeUCQLc,-0.319719298541,0.345461866999,-0.234420615889,-0.476984257539,1.07164058229
sHScwqQl,-0.28895028017,0.506775168063,-0.00728529126826,-0.546849568566,1.24229594923
sNC7DiAt,-0.11565334057,-0.137802186643,0.0503402478849,-0.398219825037,1.06089420754
sNK2TSs3,-0.362407899181,0.145625597503,-0.0106790215887,-0.561301272992,1.16572284564
sO7Su6uw,0.379163499539,-0.0191508822688,-0.574926718359,0.642177412942,0.067242487229
sOWZx89o,-0.24253173253,0.257428449434,-0.219253640795,-0.560301085179,1.21833952963
sPbRcPjC,1.1162461207,0.790915597828,0.517356411152,0.339163201059,-0.289898141806
scVUfTKI,0.177824812214,0.39501728058,0.263890648525,0.742748732078,-0.56051722649
seRaGeVv,-0.1148149537,0.339427622081,0.12049157385,-0.178752449036,0.294818042818
sgtwiYWi,-0.0916222743593,-0.0939368711312,-0.421021160199,0.077002569849,-0.149519005509
sjmLHcT6,1.61454874597,-0.0724976184682,0.340058572218,-0.40115531958,-0.177032568467
skZUZZGS,-0.0418510503464,0.112321585227,0.119624622977,0.0580570474319,0.170960926313
suAmzADX,1.16701862937,3.39017960147,-0.263629986258,2.63938605615,-0.859721097156
t4GWLqlO,0.868234459936,0.0865258536762,1.43411825108,-0.241541428689,-0.38261654851
t7gy6Jyy,0.191559943552,0.164362914496,0.673286337143,-0.274516177194,-0.47849712866
tBadzH60,2.42908433552,0.904334841783,1.97361854259,0.466510381104,-0.691018229958
tXUWm0hp,-0.0850620261193,0.0703978930803,-0.128558095344,0.772722590454,0.0356460844611
te6UPPxf,-0.281836544818,-0.0849283218839,-0.391555068973,-0.101439285274,-0.524663341754
ti2lamkL,0.841514229818,0.477466553537,0.374356033568,0.272278240798,-0.7812857406
tr0lpwuU,1.44769601679,0.412008473897,0.0953901755795,2.73583998216,-0.919079922361
ttdB5C73,0.00885007065176,0.151908232284,0.0770885547389,-0.0461574076851,0.0937237210943
twS8YZu9,-0.310641996473,0.097239924053,-0.103564046576,-0.285996510624,0.168909576814
tx68W34H,-0.195636821499,0.149646243829,-0.439129312515,1.24619730501,-0.304358076826
tyQSX4mY,0.189372359016,0.369647189197,0.572519421187,-0.32881543547,-0.2251697706
tylKCRc0,-0.297077366795,0.190633186362,-0.0531820846385,-0.477267199242,0.561331562596
u1544WUo,-0.197997074852,-0.136217981656,-0.0507641866706,-0.125090695497,0.0721186757133
uAw9an0d,1.05150796253,0.597889126184,0.267241483553,0.735343168317,-0.727572913887
uLZAEXMG,2.60254395205,0.725864595544,1.51302125513,1.11035912528,-0.935463412211
uMwe1s7I,0.206625154549,0.280263039179,-0.29079769731,2.00383538006,-0.85972375306
ufhGeV3q,-0.288159172849,-0.154136081093,0.041680453959,-0.488134771639,0.505732449495
uhAeGBHo,0.442760519792,0.492444691063,-0.114350215526,0.572245117915,-0.17630939119
ujHNlqpw,1.03845426104,0.896096779249,1.12875150034,1.06407146989,-0.736659479306
ulV6kuhB,0.0912761309174,0.573293749481,-0.029141031461,-0.516628347838,1.0866157855
uohEnNEK,-0.29179275704,0.00867278034684,-0.955437794854,0.991588203471,-0.976481345535
v1lhA8I4,-0.403263630542,-0.0108458911586,-0.153397894669,-0.739579601897,1.58497859035
v3JzigLI,2.42251145644,0.130624882073,0.466270879693,-0.39069576647,0.209853562888
v5IwjyIg,-0.141682456954,0.193608309841,-0.328742985392,0.13748731866,-0.663289015518
v6lp5TK1,-0.182113326539,0.446141298403,0.179455165329,-0.56645268091,1.06955151161
v8vOaaWq,-0.31810050639,0.149746106682,-0.282940631071,0.27725155344,0.569927674162
vAYKtoil,0.53557214113,0.545134230049,-0.481722144526,1.12150649227,-0.718808261261
vGTNQa6G,2.81218652704,0.889371593746,1.46175484528,1.90589794188,-0.734241729872
vQzNxHoL,0.593421305681,-0.00358185662122,-0.154429457113,-0.0915636345054,-0.426854920778
vfZGBUJm,-0.274158646631,0.325013124131,-0.021166691971,-0.208656029073,-0.0843956399672
vlooVUoT,1.89955966561,0.709918764556,0.621247757265,0.519160066442,-0.0234408435689
vrACvd4O,-0.195765153986,0.0900395874289,-0.0729678473475,0.021408633113,-0.335225991039
w8hdjLwb,0.169686753405,0.186473738411,0.164026383982,-0.453601998236,0.396723478996
wAntv4gH,0.827785734846,0.605769934661,1.22918841234,-0.368794017392,0.259273866911
wIUL09q0,1.50498946575,-0.145368372087,0.137400392579,-0.51074087634,-0.0692144496972
wOzx7Fgz,-0.318017830858,0.230712831762,-0.155112125951,-0.400073665493,0.0609376176685
wPhjhCJQ,-0.433218743115,0.129406060057,-0.357686670267,-0.701752111051,1.49508203481
wQSWWmYB,-0.223552587757,0.0451901124601,0.155378620732,-0.447544587347,0.232425238466
wdIMrXwy,2.20701216905,0.716489131286,2.009534268,-0.123499561069,-0.3390774785
wiL9npQc,-0.317412194957,0.425929304783,-0.0861489289469,-0.563415564634,1.11231939743
wnU95Cxn,1.35339164811,0.812719777915,1.57718930888,-0.0264915312415,-0.761957642384
wpJbbjJs,0.430690313581,0.727937618211,0.641842611859,0.303699856479,-0.657118039807
wsOWTAbI,2.0239991689,0.735333651985,0.882608672574,1.53263408824,-0.518148436122
wtdBcU3U,1.01279669126,0.0541984792356,0.182475563521,-0.465397862118,-0.0197216272766
wuKXVxOc,0.606590327025,0.293794136421,-0.3335401102,-0.086780841482,0.586213824749
wyzadAt8,0.126613442386,0.456320828066,-0.234660846306,-0.618823286448,1.35977765031
wzaKzYwi,0.94251666914,-0.0323659445014,0.279187236717,-0.548202234374,0.260374099634
x6GCk4EV,0.268696738436,0.569798682911,-0.0256151688911,-0.535809687702,1.11067626124
x6lUi3vf,0.165444041022,0.257700190941,0.154385876264,1.36485011972,-1.06649899045
x8mwDHv9,-0.351054493332,0.322017364401,-0.0642974713326,-0.488135247979,0.614840657445
xIYm6puH,1.20955745825,0.847346138471,0.311229976913,0.909067956168,-0.941172546332
xO6UdpsK,0.988883103539,0.77531012002,0.29355961735,0.364119256173,-0.702765728964
xQ2bkOvj,-0.0256729906284,0.00577199628451,-0.548892282255,1.45748642779,-0.795317570626
xeXyDCEQ,3.07364233681,1.57368615747,1.62840823466,2.08700542792,-1.09370186554
xrggHziO,0.131933769442,0.199014598485,0.131867920332,-0.220976755191,-0.0840245530369
y1WMCmqQ,-0.332274729953,0.0401240928965,-0.177257243668,-0.335148713068,0.45073876693
yDngezhM,1.30978285589,-0.145594296354,0.258142260108,-0.470249320172,-0.179846262228
yLiFjMD0,0.547268695304,1.01207938008,0.083671033117,-0.515336328509,0.909335505507
ySwEBO7w,-0.10469619936,-0.0710354197412,-0.0626054268527,-0.0120006569041,-0.412066656003
ydC9UsSm,-0.226831324797,0.142779667148,-0.312598339554,0.841596338284,0.725227629091
ydEG4VBd,-0.207540111926,0.0220897127174,-0.135547844564,0.0630283790788,0.212551921971
yf76yWXc,0.447283932982,0.603803149453,1.2475813335,-0.154699313314,-0.465506880449
yg70e63n,0.517988227758,0.514656644638,-0.0640319890919,0.483192417689,-0.349614888003
ywxtlSKv,0.701807001516,0.434989480802,-0.693707197113,0.359728280374,-0.263738398239
yzKPQPOR,1.18426022529,0.272518001951,-0.00894433612341,1.66505220998,-0.983723163554
z5cnOnZ1,-0.258797647059,0.00960603671434,-0.15181535512,-0.151352507697,-0.349102374792
zFLkOE0e,0.515937065171,0.0440527118694,0.571507119219,0.521352053361,-0.704935971258
zGi72mxL,1.69159036959,0.475041727181,0.155878870415,1.48107229203,-1.0070809658
zN925UV3,0.0729950137223,0.299544062128,0.0870605799062,0.407257502859,-0.44858104021
zTy2ih7e,0.638305308696,0.0418182523122,-0.223900602403,-0.269542486545,0.390280630254
zVFzAutw,0.741661958975,1.04133379697,-0.0695927705979,-0.498335815368,0.719971074464
zYxNAkht,1.48990039656,0.057625871408,0.231509037868,-0.546912860449,0.402393049814
zaWDBai3,0.638530648227,0.507264014094,-0.0437522292404,0.162755055565,0.849533648868
zg3u0Zsx,0.50865567488,0.630606509621,-0.0773361980239,0.180995147923,-0.0320409402727
zlwLfdsS,0.696568627977,0.223241350296,-0.381391633039,2.29512708692,-0.878204305864
zmbKzVfl,0.212808382277,0.180335873956,-0.351181146137,0.418300614138,0.236963788488
